baseline,care_eff_mean,base_eff_mean,MWU_p_eff,WelchT_p_eff,care_fair_mean,base_fair_mean,MWU_p_fair,WelchT_p_fair,n_care,n_base
QMIX,0.8619999999999999,0.8699999999999999,0.003976751709788651,9.630747187808323e-110,0.742,0.52,0.003976751709788651,nan,5,5
VDN,0.8619999999999999,0.8299999999999998,0.003976751709788651,1.4695353985303207e-114,0.742,0.6,0.003976751709788651,nan,5,5
IQL,0.8619999999999999,0.8,0.003976751709788651,3.8557194743378137e-60,0.742,0.58,0.003976751709788651,nan,5,5
PF,0.8619999999999999,0.78,0.003976751709788651,1.2601341389664433e-60,0.742,0.7,0.003976751709788651,nan,5,5
