{
  "learning_rates": [
    0.0001,
    0.0005,
    0.001,
    0.005,
    0.01
  ],
  "epsilon_decays": [
    0.99,
    0.995,
    0.999,
    0.9995,
    0.9999
  ],
  "efficiency_grid": [
    [
      0.6723117971370026,
      0.6817309611046032,
      0.7134697258930912,
      0.7093438195731528,
      0.7155047937019907
    ],
    [
      0.7248390486330554,
      0.7139902859773031,
      0.7174006775386798,
      0.7310268053609192,
      0.7292293856464985
    ],
    [
      0.740370695870192,
      0.7477686966406252,
      0.7516348626598536,
      0.7449397417524773,
      0.7484710767590461
    ],
    [
      0.6863794457729874,
      0.7229774064827408,
      0.723368953597151,
      0.7190519823464089,
      0.7038476641162422
    ],
    [
      0.668439559502583,
      0.7021501633795161,
      0.6968544351892182,
      0.7000992594344578,
      0.6884407090941861
    ]
  ],
  "fairness_grid": [
    [
      0.5480006512981729,
      0.5586385806457331,
      0.5627290336604615,
      0.5698789376906835,
      0.5637724634799998
    ],
    [
      0.5960322490318405,
      0.6146756036167191,
      0.6269112723050309,
      0.6390854998609897,
      0.62731311192766
    ],
    [
      0.6326830953366784,
      0.6355168367757167,
      0.6661440909891241,
      0.6483760612186146,
      0.632954968375896
    ],
    [
      0.5532509316231428,
      0.5777844214887037,
      0.5972974329058495,
      0.5949454231953042,
      0.5941881751585056
    ],
    [
      0.5446383333101732,
      0.5683957892233165,
      0.5826560183217935,
      0.5713926786129314,
      0.5692680156733501
    ]
  ],
  "optimal": {
    "lr": 0.001,
    "eps_decay": 0.999
  }
}